{
  "IcoMoonType": "selection",
  "icons": [
    {
      "icon": {
        "paths": [
          "M128 32h768c53.019 0 96 42.981 96 96v768c0 53.019-42.981 96-96 96h-768c-53.019 0-96-42.981-96-96v-768c0-53.019 42.981-96 96-96z",
          "M128 32h768c53.019 0 96 42.981 96 96v768c0 53.019-42.981 96-96 96h-768c-53.019 0-96-42.981-96-96v-768c0-53.019 42.981-96 96-96z",
          "M732.518 272.324c11.059-10.586 25.773-16.438 41.043-16.322s29.901 6.191 40.8 16.944c10.899 10.753 17.216 25.342 17.619 40.689s-5.139 30.252-15.456 41.568l-313.256 393.878c-5.387 5.83-11.888 10.509-19.115 13.76s-15.032 4.998-22.947 5.146c-7.916 0.147-15.779-1.312-23.121-4.288s-14.011-7.411-19.608-13.043l-207.737-208.855c-5.786-5.42-10.426-11.955-13.644-19.217s-4.949-15.101-5.089-23.050c-0.14-7.949 1.315-15.844 4.276-23.215s7.37-14.068 12.961-19.69c5.592-5.621 12.252-10.053 19.584-13.030s15.185-4.44 23.091-4.3c7.906 0.14 15.703 1.88 22.926 5.116s13.724 7.901 19.114 13.717l164.399 165.207 272.666-349.279c0.486-0.608 1.011-1.187 1.568-1.736h-0.077z"
        ],
        "attrs": [
          {},
          {
            "fill": "none",
            "strokeLinejoin": "miter",
            "strokeLinecap": "butt",
            "strokeMiterlimit": "4",
            "strokeWidth": 64
          },
          {}
        ],
        "isMulticolor": true,
        "isMulticolor2": true,
        "grid": 0,
        "tags": [
          "Property 1=click"
        ],
        "colorPermutations": {
          "244244253164751911": [
            {},
            {},
            {}
          ]
        }
      },
      "attrs": [
        {},
        {
          "fill": "none",
          "strokeLinejoin": "miter",
          "strokeLinecap": "butt",
          "strokeMiterlimit": "4",
          "strokeWidth": 64
        },
        {}
      ],
      "properties": {
        "order": 21,
        "id": 0,
        "name": "Property-1click",
        "prevSize": 32
      },
      "setIdx": 0,
      "setId": 6,
      "iconIdx": 1
    },
    {
      "icon": {
        "paths": [
          "M1024 85.333l-1024 480 327.251 101.001 504.749-394.334-383.927 431.629 0.311 0.098-0.384-0.098v235.038l183.522-178.419 232.482 71.753 159.996-746.667z"
        ],
        "attrs": [],
        "isMulticolor": false,
        "isMulticolor2": false,
        "grid": 0,
        "tags": [
          "Frame 3"
        ],
        "colorPermutations": {}
      },
      "attrs": [],
      "properties": {
        "order": 20,
        "id": 2,
        "name": "Frame-3",
        "prevSize": 32
      },
      "setIdx": 3,
      "setId": 3,
      "iconIdx": 0
    }
  ],
  "height": 1024,
  "preferences": {
    "showGlyphs": true,
    "showQuickUse": true,
    "showQuickUse2": false,
    "showSVGs": true,
    "fontPref": {
      "prefix": "icon-",
      "metadata": {
        "fontFamily": "icomoon"
      },
      "metrics": {
        "emSize": 1024,
        "baseline": 6.25,
        "whitespace": 50
      },
      "embed": false
    },
    "imagePref": {
      "prefix": "icon-",
      "png": true,
      "useClassSelector": true,
      "color": 0,
      "bgColor": 16777215,
      "classSelector": ".icon",
      "name": "icomoon",
      "height": 32,
      "columns": 16,
      "margin": 16,
      "autoHost": true
    },
    "historySize": 50,
    "showCodes": true,
    "gridSize": 16,
    "quickUsageToken": {
      "UntitledProject": "MzE2YzU0YzI5NCMxNzAwOTkwMTA0I1dZYlMyc1V6WG0vbEVkNkNGK3hIRG1HTmg5ak55TzMveWdIcGhaQXBMSGtD"
    }
  }
}